{"users":[{"username":"Admin","email":"admin@admin.com","gender":"male","password":"$2b$10$ASqMNlNBGuVcDgmyD.GVWudgBhV7fNtO1WSFt40HhKY7b3LbskD.O"},{"username":"M183","email":"m183@m183.com","gender":"male","password":"$2b$10$k/VGKqu40VT03ja6MNOpMOWqZ7gnzhP9s8EzrSxWNRyMztHlGNCsy"},{"username":"Nadir","email":"asd@ads.com","gender":"male","password":"$2b$10$DXRTIp9WhIhpEQhafnBxyO6jL97pWrwkskV3HvQGEuMzYnoPBadry"},{"username":"asd","email":"asda@asdad.com","gender":"male","password":"$2b$10$A1EMS.kZBlKBSWlRfIiUm.aTIqSKkZ95WryXaARaNZEfOv6P1etri"},{"username":"Hans","email":"Hans@hotmail.com","gender":"male","password":"$2b$10$l48mvI0JltqZvrsUnK7GWOcyn1yb0eb1rTSkY.LkoAUsgckruIYjC"},{"username":"Hans","email":"hans@email.com","gender":"male","password":"$2b$10$A/u8cPWCPQUAuleOkBW1sOGOUjnuhhOTfgVJAP3931N/Gj2hLYEj6"},{"username":"Hans","email":"hans@meil.com","gender":"male","password":"$2b$10$uWn1TRmM5Q0Tc45/foqPUutMgnGbvjjoeuqXIX0RHeb4r0RGndaNS"}]}